horodatage;bain_id;temperature_c;ph;niveau_pct
2026-06-01 00:00;BAIN-02;448.9;4.62;87.4
2026-06-01 01:00;BAIN-02;448.0;4.62;87.4
2026-06-01 02:00;BAIN-02;447.9;4.58;87.1
2026-06-01 03:00;BAIN-02;447.4;4.60;87.4
2026-06-01 04:00;BAIN-02;446.9;4.62;87.0
2026-06-01 05:00;BAIN-02;448.3;4.65;86.9
2026-06-01 06:00;BAIN-02;448.1;4.63;86.5
2026-06-01 07:00;BAIN-02;449.5;4.62;86.4
2026-06-01 08:00;BAIN-02;451.0;4.64;86.3
2026-06-01 09:00;BAIN-02;450.7;4.61;85.9
2026-06-01 10:00;BAIN-02;451.5;4.62;86.1
2026-06-01 11:00;BAIN-02;450.6;4.62;86.5
2026-06-01 12:00;BAIN-02;450.4;4.64;85.9
2026-06-01 13:00;BAIN-02;451.8;4.66;85.4
2026-06-01 14:00;BAIN-02;450.8;4.66;85.3
2026-06-01 15:00;BAIN-02;449.6;4.71;85.7
2026-06-01 16:00;BAIN-02;449.5;4.67;86.0
2026-06-01 17:00;BAIN-02;449.5;4.69;85.8
2026-06-01 18:00;BAIN-02;448.8;4.73;86.3
2026-06-01 19:00;BAIN-02;448.0;4.73;86.0
2026-06-01 20:00;BAIN-02;449.3;4.73;86.4
2026-06-01 21:00;BAIN-02;450.4;4.71;86.6
2026-06-01 22:00;BAIN-02;450.1;4.75;86.5
2026-06-01 23:00;BAIN-02;451.1;4.73;86.0
2026-06-02 00:00;BAIN-02;451.4;4.78;85.9
2026-06-02 01:00;BAIN-02;450.3;4.79;85.5
2026-06-02 02:00;BAIN-02;450.5;4.79;85.3
2026-06-02 03:00;BAIN-02;449.9;4.76;85.4
2026-06-02 04:00;BAIN-02;450.1;4.73;85.6
2026-06-02 05:00;BAIN-02;448.8;4.76;85.7
2026-06-02 06:00;BAIN-02;449.7;4.74;85.8
2026-06-02 07:00;BAIN-02;450.7;4.79;85.7
2026-06-02 08:00;BAIN-02;449.3;4.79;85.6
2026-06-02 09:00;BAIN-02;450.4;4.83;85.4
2026-06-02 10:00;BAIN-02;450.5;4.83;85.5
2026-06-02 11:00;BAIN-02;450.2;4.84;84.9
2026-06-02 12:00;BAIN-02;450.1;4.89;84.6
2026-06-02 13:00;BAIN-02;450.7;4.94;84.9
2026-06-02 14:00;BAIN-02;451.7;5.02;84.6
2026-06-02 15:00;BAIN-02;451.2;5.08;84.8
2026-06-02 16:00;BAIN-02;452.3;5.08;84.1
2026-06-02 17:00;BAIN-02;452.7;5.16;84.5
2026-06-02 18:00;BAIN-02;453.4;5.19;83.9
2026-06-02 19:00;BAIN-02;453.8;5.27;83.7
2026-06-02 20:00;BAIN-02;454.4;5.35;82.9
2026-06-02 21:00;BAIN-02;455.3;5.37;82.6
2026-06-02 22:00;BAIN-02;454.3;5.41;82.5
2026-06-02 23:00;BAIN-02;455.1;5.42;81.8